﻿Designator,Footprint,Quantity,Value,LCSC Part #
"C13, C17, C3, C4, C5, C6, C7, C8",0603,8,0.1uF,
C14,0603,1,1uF,
C15,0603,1,4.7uF,
C16,0603,1,10nF,
C18,0603,1,2.2uF,
"D1, D2, D3, D5, D6",0805,5,LED,
D4,LED_D5.0mm,1,LED,
D7,D_SMA,1,S1A,
J2,Testpoint_1x02_P2.54mm,1,Speaker,
M1,Testpoint_1x02_P2.54mm,1,Vibration Motor,
MT1,XDCR_ICM-42670-P,1,ICM-42670-P,
Q1,SOT-23,1,2N2222,
"R1, R2, R3, R5, R8",0603,5,470,
R11,0603,1,12k,
"R12, R13, R14, R15, R23, R25, R26",0603,7,10k,
R16,0603,1,20k,
R18,0603,1,220,
"R19, R20, R21, R22, R24",0603,5,1k,
R4,0603,1,750,
R6,0603,1,1.5k,
R7,0603,1,3k,
R9,0603,1,6k,
RV1,PTA2043pot,1,PTA2043,
SW1,SW_SPST_PTS645,1,UP,
SW2,SW_SPST_PTS645,1,LEFT,
SW3,SW_SPST_PTS645,1,DOWN,
SW4,SW_SPST_PTS645,1,RIGHT,
U2,ti_LP_MSPM0G3507,1,LP-MSPM0G3507,
U3,DIP-8_W7.62mm_LongPads,1,MCP34119D,
U4,hiletgo_st7735r,1,HiLetGo_ST7735R,
U5,SOIC127P600X175-16N,1,ULN2003B,
U6,TSOP31438,1,TSOP31438,
